id,title,status,priority,notes
1,Image node should show a button to remove background,Backlog,Low,
2,Add delete button to gallery,Backlog,Low,User confirmation is mandatory before proceeding with deletion of all images in the gallery
3,Add Replicate model: topazlabs/image-upscale,Backlog,Medium,Doc about model is in the docs folder
4,Fix Camera Move model prompt to preserve subject,Done,High,"Prompt example: ""Preserve strictly the subject, pose, outfit and body details"""
5,Add random seed number to Camera Move node,Done,Medium,"The Camera Move node should send a randomly generated seed number with the request, and this must also be passed to the next Camera Move node if connected via output-input sockets."
6,Add new node for model Qwen Image Edit 2511 Multiple Angles (fal.ai),Done,High,Add UI elements to control all model settings
7,Generate picture in the bottom side of the node,Done,High,"Valid for nodes NB2 Model, Recraft V4 Pro"
8,Add new output socket to nodes Recraft V4 Pro and NB2 Model,Done,High,"The output socket lets the user connect the model node to another node and use the generated picture as reference. If there is more than one picture, send all of them if possible; if not, send only the first one."
9,Research Recraft V4 image-to-image endpoint so it can accept the image socket,Backlog,Medium,"Recraft V4 Pro currently uses fal.ai text-to-image, which takes no picture, so it has an image output (#8) but no image input. Find a Recraft endpoint that accepts a reference image, check its options and pricing, then add an image input like NB2 has."
